{"cameraMode":{"drawMode":0,"name":"Shaded","section":"Shading Mode"},"sceneLighting":false,"audioPlay":false,"sceneViewState":{"showFog":true,"showMaterialUpdate":false,"showSkybox":false,"showFlares":true,"showImageEffects":true,"showParticleSystems":true},"in2DMode":false,"pivot":{"x":-1.48780357837677,"y":-0.0009469985961914063,"z":3.2084202766418459},"rotation":{"x":0.5566678643226624,"y":0.05597388744354248,"z":-0.03763379156589508,"w":0.8279951214790344},"size":1.487804651260376,"orthographic":false}