{"cameraMode":{"drawMode":0,"name":"Shaded","section":"Shading Mode"},"sceneLighting":false,"audioPlay":false,"sceneViewState":{"showFog":true,"showMaterialUpdate":false,"showSkybox":false,"showFlares":true,"showImageEffects":true,"showParticleSystems":true},"in2DMode":false,"pivot":{"x":0.4033236503601074,"y":-2.7710676193237306,"z":0.7355108261108398},"rotation":{"x":-0.3646886348724365,"y":-0.10664962977170944,"z":0.0420900322496891,"w":-0.9240463972091675},"size":1.2247449159622193,"orthographic":false}